timeStamp,elapsed,label,responseCode,responseMessage,threadName,dataType,success,failureMessage,bytes,sentBytes,grpThreads,allThreads,URL,Latency,IdleTime,Connect
1726130986931,1271,https://blazedemo.com/reserve.php,200,OK,BlazeDemo Test 1-1,text,true,,7341,955,2,2,https://blazedemo.com/reserve.php,1247,0,902
1726130987741,461,https://blazedemo.com/reserve.php,200,OK,BlazeDemo Test 1-2,text,true,,7341,955,2,2,https://blazedemo.com/reserve.php,437,0,92
1726130986749,1271,Flight Search,200,"Number of samples in transaction : 1, number of failing samples : 0",BlazeDemo Test 1-1,,true,,7341,955,2,2,null,1247,191,902
1726130987735,461,Flight Search,200,"Number of samples in transaction : 1, number of failing samples : 0",BlazeDemo Test 1-2,,true,,7341,955,2,2,null,437,14,92
1726130988729,455,https://blazedemo.com/reserve.php,200,OK,BlazeDemo Test 1-3,text,true,,7341,955,3,3,https://blazedemo.com/reserve.php,452,0,84
1726130988725,455,Flight Search,200,"Number of samples in transaction : 1, number of failing samples : 0",BlazeDemo Test 1-3,,true,,7341,955,3,3,null,452,6,84
1726130989719,331,https://blazedemo.com/reserve.php,200,OK,BlazeDemo Test 1-4,text,true,,7341,955,4,4,https://blazedemo.com/reserve.php,327,0,66
1726130989715,331,Flight Search,200,"Number of samples in transaction : 1, number of failing samples : 0",BlazeDemo Test 1-4,,true,,7341,955,4,4,null,327,7,66
1726130990723,304,https://blazedemo.com/reserve.php,200,OK,BlazeDemo Test 1-5,text,true,,7341,955,5,5,https://blazedemo.com/reserve.php,301,0,44
1726130990720,304,Flight Search,200,"Number of samples in transaction : 1, number of failing samples : 0",BlazeDemo Test 1-5,,true,,7341,955,5,5,null,301,5,44
1726130991724,328,https://blazedemo.com/reserve.php,200,OK,BlazeDemo Test 1-6,text,true,,7341,955,6,6,https://blazedemo.com/reserve.php,324,0,63
1726130991720,328,Flight Search,200,"Number of samples in transaction : 1, number of failing samples : 0",BlazeDemo Test 1-6,,true,,7341,955,6,6,null,324,6,63
1726130992723,355,https://blazedemo.com/reserve.php,200,OK,BlazeDemo Test 1-7,text,true,,7341,955,7,7,https://blazedemo.com/reserve.php,351,0,64
1726130992718,355,Flight Search,200,"Number of samples in transaction : 1, number of failing samples : 0",BlazeDemo Test 1-7,,true,,7341,955,7,7,null,351,7,64
1726130993720,379,https://blazedemo.com/reserve.php,200,OK,BlazeDemo Test 1-8,text,true,,7341,955,8,8,https://blazedemo.com/reserve.php,376,0,62
1726130993715,379,Flight Search,200,"Number of samples in transaction : 1, number of failing samples : 0",BlazeDemo Test 1-8,,true,,7341,955,8,8,null,376,7,62
1726130994723,402,https://blazedemo.com/reserve.php,200,OK,BlazeDemo Test 1-9,text,true,,7341,955,9,9,https://blazedemo.com/reserve.php,399,0,60
1726130994718,402,Flight Search,200,"Number of samples in transaction : 1, number of failing samples : 0",BlazeDemo Test 1-9,,true,,7341,955,9,9,null,399,7,60
1726130995728,320,https://blazedemo.com/reserve.php,200,OK,BlazeDemo Test 1-10,text,true,,7341,955,10,10,https://blazedemo.com/reserve.php,316,0,60
1726130995723,320,Flight Search,200,"Number of samples in transaction : 1, number of failing samples : 0",BlazeDemo Test 1-10,,true,,7341,955,10,10,null,316,6,60
1726130996717,351,https://blazedemo.com/reserve.php,200,OK,BlazeDemo Test 1-11,text,true,,7341,955,11,11,https://blazedemo.com/reserve.php,349,0,62
1726130996714,351,Flight Search,200,"Number of samples in transaction : 1, number of failing samples : 0",BlazeDemo Test 1-11,,true,,7341,955,11,11,null,349,4,62
1726130997718,376,https://blazedemo.com/reserve.php,200,OK,BlazeDemo Test 1-12,text,true,,7341,955,12,12,https://blazedemo.com/reserve.php,372,0,65
1726130997714,376,Flight Search,200,"Number of samples in transaction : 1, number of failing samples : 0",BlazeDemo Test 1-12,,true,,7341,955,12,12,null,372,5,65
1726130998718,340,https://blazedemo.com/reserve.php,200,OK,BlazeDemo Test 1-13,text,true,,7341,955,13,13,https://blazedemo.com/reserve.php,337,0,66
1726130998714,340,Flight Search,200,"Number of samples in transaction : 1, number of failing samples : 0",BlazeDemo Test 1-13,,true,,7341,955,13,13,null,337,5,66
1726130999716,324,https://blazedemo.com/reserve.php,200,OK,BlazeDemo Test 1-14,text,true,,7341,955,14,14,https://blazedemo.com/reserve.php,319,0,59
1726130999713,324,Flight Search,200,"Number of samples in transaction : 1, number of failing samples : 0",BlazeDemo Test 1-14,,true,,7341,955,14,14,null,319,22,59
1726131000722,350,https://blazedemo.com/reserve.php,200,OK,BlazeDemo Test 1-15,text,true,,7341,955,15,15,https://blazedemo.com/reserve.php,343,0,60
1726131000717,350,Flight Search,200,"Number of samples in transaction : 1, number of failing samples : 0",BlazeDemo Test 1-15,,true,,7341,955,15,15,null,343,7,60
1726131001718,366,https://blazedemo.com/reserve.php,200,OK,BlazeDemo Test 1-16,text,true,,7341,955,16,16,https://blazedemo.com/reserve.php,364,0,54
1726131001714,366,Flight Search,200,"Number of samples in transaction : 1, number of failing samples : 0",BlazeDemo Test 1-16,,true,,7341,955,16,16,null,364,5,54
1726131002714,294,https://blazedemo.com/reserve.php,200,OK,BlazeDemo Test 1-17,text,true,,7341,955,17,17,https://blazedemo.com/reserve.php,291,0,47
1726131002711,294,Flight Search,200,"Number of samples in transaction : 1, number of failing samples : 0",BlazeDemo Test 1-17,,true,,7341,955,17,17,null,291,4,47
1726131003043,271,https://blazedemo.com/purchase.php,200,OK,BlazeDemo Test 1-2,text,true,,6715,1002,17,17,https://blazedemo.com/purchase.php,269,0,0
1726131003043,271,https://blazedemo.com/purchase.php,200,OK,BlazeDemo Test 1-1,text,true,,6715,1002,17,17,https://blazedemo.com/purchase.php,269,0,0
1726130988211,271,Choose the Flight,200,"Number of samples in transaction : 1, number of failing samples : 0",BlazeDemo Test 1-1,,true,,6715,1002,17,17,null,269,14833,0
1726130988211,271,Choose the Flight,200,"Number of samples in transaction : 1, number of failing samples : 0",BlazeDemo Test 1-2,,true,,6715,1002,17,17,null,269,14834,0
1726131003711,318,https://blazedemo.com/reserve.php,200,OK,BlazeDemo Test 1-18,text,true,,7341,955,18,18,https://blazedemo.com/reserve.php,316,0,66
1726131003708,318,Flight Search,200,"Number of samples in transaction : 1, number of failing samples : 0",BlazeDemo Test 1-18,,true,,7341,955,18,18,null,316,5,66
1726131004018,319,https://blazedemo.com/purchase.php,200,OK,BlazeDemo Test 1-3,text,true,,6715,1002,18,18,https://blazedemo.com/purchase.php,317,0,0
1726130989187,319,Choose the Flight,200,"Number of samples in transaction : 1, number of failing samples : 0",BlazeDemo Test 1-3,,true,,6715,1002,18,18,null,317,14833,0
1726131004711,334,https://blazedemo.com/reserve.php,200,OK,BlazeDemo Test 1-19,text,true,,7341,955,19,19,https://blazedemo.com/reserve.php,322,0,54
1726131004707,334,Flight Search,200,"Number of samples in transaction : 1, number of failing samples : 0",BlazeDemo Test 1-19,,true,,7341,955,19,19,null,322,6,54
1726131004885,233,https://blazedemo.com/purchase.php,200,OK,BlazeDemo Test 1-4,text,true,,6715,1002,19,19,https://blazedemo.com/purchase.php,229,0,0
1726130990054,233,Choose the Flight,200,"Number of samples in transaction : 1, number of failing samples : 0",BlazeDemo Test 1-4,,true,,6715,1002,19,19,null,229,14832,0
1726131005711,368,https://blazedemo.com/reserve.php,200,OK,BlazeDemo Test 1-20,text,true,,7341,955,20,20,https://blazedemo.com/reserve.php,365,0,55
1726131005708,368,Flight Search,200,"Number of samples in transaction : 1, number of failing samples : 0",BlazeDemo Test 1-20,,true,,7341,955,20,20,null,365,4,55
1726131005861,252,https://blazedemo.com/purchase.php,200,OK,BlazeDemo Test 1-5,text,true,,6715,1002,20,20,https://blazedemo.com/purchase.php,244,0,0
1726130991030,252,Choose the Flight,200,"Number of samples in transaction : 1, number of failing samples : 0",BlazeDemo Test 1-5,,true,,6715,1002,20,20,null,244,14832,0
1726131006886,319,https://blazedemo.com/purchase.php,200,OK,BlazeDemo Test 1-6,text,true,,6715,1002,20,20,https://blazedemo.com/purchase.php,317,0,0
1726130992056,319,Choose the Flight,200,"Number of samples in transaction : 1, number of failing samples : 0",BlazeDemo Test 1-6,,true,,6715,1002,20,20,null,317,14831,0
1726131007912,318,https://blazedemo.com/purchase.php,200,OK,BlazeDemo Test 1-7,text,true,,6715,1002,20,20,https://blazedemo.com/purchase.php,315,0,0
1726130993081,318,Choose the Flight,200,"Number of samples in transaction : 1, number of failing samples : 0",BlazeDemo Test 1-7,,true,,6715,1002,20,20,null,315,14832,0
1726131008931,437,https://blazedemo.com/purchase.php,200,OK,BlazeDemo Test 1-8,text,true,,6715,1002,20,20,https://blazedemo.com/purchase.php,435,0,0
1726130994101,437,Choose the Flight,200,"Number of samples in transaction : 1, number of failing samples : 0",BlazeDemo Test 1-8,,true,,6715,1002,20,20,null,435,14832,0
1726131009958,319,https://blazedemo.com/purchase.php,200,OK,BlazeDemo Test 1-9,text,true,,6715,1002,20,20,https://blazedemo.com/purchase.php,318,0,0
1726130995128,319,Choose the Flight,200,"Number of samples in transaction : 1, number of failing samples : 0",BlazeDemo Test 1-9,,true,,6715,1002,20,20,null,318,14831,0
1726131010881,318,https://blazedemo.com/purchase.php,200,OK,BlazeDemo Test 1-10,text,true,,6715,1002,20,20,https://blazedemo.com/purchase.php,316,0,0
1726130996050,318,Choose the Flight,200,"Number of samples in transaction : 1, number of failing samples : 0",BlazeDemo Test 1-10,,true,,6715,1002,20,20,null,316,14832,0
1726131011901,526,https://blazedemo.com/purchase.php,200,OK,BlazeDemo Test 1-11,text,true,,6715,1002,20,20,https://blazedemo.com/purchase.php,525,0,0
1726130997069,526,Choose the Flight,200,"Number of samples in transaction : 1, number of failing samples : 0",BlazeDemo Test 1-11,,true,,6715,1002,20,20,null,525,14832,0
1726131012927,322,https://blazedemo.com/purchase.php,200,OK,BlazeDemo Test 1-12,text,true,,6715,1002,20,20,https://blazedemo.com/purchase.php,320,0,0
1726130998096,322,Choose the Flight,200,"Number of samples in transaction : 1, number of failing samples : 0",BlazeDemo Test 1-12,,true,,6715,1002,20,20,null,320,14831,0
1726131013890,278,https://blazedemo.com/purchase.php,200,OK,BlazeDemo Test 1-13,text,true,,6715,1002,20,20,https://blazedemo.com/purchase.php,276,0,0
1726130999060,278,Choose the Flight,200,"Number of samples in transaction : 1, number of failing samples : 0",BlazeDemo Test 1-13,,true,,6715,1002,20,20,null,276,14831,0
1726131014890,300,https://blazedemo.com/purchase.php,200,OK,BlazeDemo Test 1-14,text,true,,6715,1002,20,20,https://blazedemo.com/purchase.php,299,0,0
1726131000059,300,Choose the Flight,200,"Number of samples in transaction : 1, number of failing samples : 0",BlazeDemo Test 1-14,,true,,6715,1002,20,20,null,299,14831,0
1726131015905,312,https://blazedemo.com/purchase.php,200,OK,BlazeDemo Test 1-15,text,true,,6715,1002,20,20,https://blazedemo.com/purchase.php,310,0,0
1726131001074,312,Choose the Flight,200,"Number of samples in transaction : 1, number of failing samples : 0",BlazeDemo Test 1-15,,true,,6715,1002,20,20,null,310,14831,0
1726131016917,329,https://blazedemo.com/purchase.php,200,OK,BlazeDemo Test 1-16,text,true,,6715,1002,20,20,https://blazedemo.com/purchase.php,328,0,0
1726131002086,329,Choose the Flight,200,"Number of samples in transaction : 1, number of failing samples : 0",BlazeDemo Test 1-16,,true,,6715,1002,20,20,null,328,14830,0
1726131017842,321,https://blazedemo.com/purchase.php,200,OK,BlazeDemo Test 1-17,text,true,,6715,1002,20,20,https://blazedemo.com/purchase.php,319,0,0
1726131003009,321,Choose the Flight,200,"Number of samples in transaction : 1, number of failing samples : 0",BlazeDemo Test 1-17,,true,,6715,1002,20,20,null,319,14833,0
1726131018863,323,https://blazedemo.com/purchase.php,200,OK,BlazeDemo Test 1-18,text,true,,6715,1002,20,20,https://blazedemo.com/purchase.php,321,0,0
1726131004031,323,Choose the Flight,200,"Number of samples in transaction : 1, number of failing samples : 0",BlazeDemo Test 1-18,,true,,6715,1002,20,20,null,321,14832,0
1726131019878,332,https://blazedemo.com/purchase.php,200,OK,BlazeDemo Test 1-19,text,true,,6715,1002,20,20,https://blazedemo.com/purchase.php,330,0,0
1726131005047,332,Choose the Flight,200,"Number of samples in transaction : 1, number of failing samples : 0",BlazeDemo Test 1-19,,true,,6715,1002,20,20,null,330,14830,0
1726131020911,323,https://blazedemo.com/purchase.php,200,OK,BlazeDemo Test 1-20,text,true,,6715,1002,20,20,https://blazedemo.com/purchase.php,321,0,0
1726131006080,323,Choose the Flight,200,"Number of samples in transaction : 1, number of failing samples : 0",BlazeDemo Test 1-20,,true,,6715,1002,20,20,null,321,14831,0
1726131055454,392,https://blazedemo.com/confirmation.php,200,OK,BlazeDemo Test 1-1,text,true,,5780,1132,20,20,https://blazedemo.com/confirmation.php,391,0,62
1726131055454,392,https://blazedemo.com/confirmation.php,200,OK,BlazeDemo Test 1-2,text,true,,5780,1132,20,20,https://blazedemo.com/confirmation.php,391,0,61
1726131003316,392,Purchase,200,"Number of samples in transaction : 1, number of failing samples : 0",BlazeDemo Test 1-2,,true,,5780,1132,20,20,null,391,52138,61
1726131003316,392,Purchase,200,"Number of samples in transaction : 1, number of failing samples : 0",BlazeDemo Test 1-1,,true,,5780,1132,20,20,null,391,52138,62
1726131056477,392,https://blazedemo.com/confirmation.php,200,OK,BlazeDemo Test 1-3,text,true,,5780,1132,20,20,https://blazedemo.com/confirmation.php,391,0,48
1726131004340,392,Purchase,200,"Number of samples in transaction : 1, number of failing samples : 0",BlazeDemo Test 1-3,,true,,5780,1132,20,20,null,391,52137,48
1726131057257,329,https://blazedemo.com/confirmation.php,200,OK,BlazeDemo Test 1-4,text,true,,5780,1132,20,20,https://blazedemo.com/confirmation.php,328,0,41
1726131005119,329,Purchase,200,"Number of samples in transaction : 1, number of failing samples : 0",BlazeDemo Test 1-4,,true,,5780,1132,20,20,null,328,52139,41
1726131058252,358,https://blazedemo.com/confirmation.php,200,OK,BlazeDemo Test 1-5,text,true,,5780,1132,20,20,https://blazedemo.com/confirmation.php,357,0,47
1726131006114,358,Purchase,200,"Number of samples in transaction : 1, number of failing samples : 0",BlazeDemo Test 1-5,,true,,5780,1132,20,20,null,357,52138,47
1726131059343,393,https://blazedemo.com/confirmation.php,200,OK,BlazeDemo Test 1-6,text,true,,5780,1132,20,20,https://blazedemo.com/confirmation.php,392,0,51
1726131007206,393,Purchase,200,"Number of samples in transaction : 1, number of failing samples : 0",BlazeDemo Test 1-6,,true,,5780,1132,20,20,null,392,52137,51
1726131060368,400,https://blazedemo.com/confirmation.php,200,OK,BlazeDemo Test 1-7,text,true,,5780,1132,20,20,https://blazedemo.com/confirmation.php,399,0,46
1726131008231,400,Purchase,200,"Number of samples in transaction : 1, number of failing samples : 0",BlazeDemo Test 1-7,,true,,5780,1132,20,20,null,399,52142,46
1726131061507,380,https://blazedemo.com/confirmation.php,200,OK,BlazeDemo Test 1-8,text,true,,5780,1132,20,20,https://blazedemo.com/confirmation.php,379,0,51
1726131009370,380,Purchase,200,"Number of samples in transaction : 1, number of failing samples : 0",BlazeDemo Test 1-8,,true,,5780,1132,20,20,null,379,52139,51
1726131062415,398,https://blazedemo.com/confirmation.php,200,OK,BlazeDemo Test 1-9,text,true,,5780,1132,20,20,https://blazedemo.com/confirmation.php,397,0,57
1726131010279,398,Purchase,200,"Number of samples in transaction : 1, number of failing samples : 0",BlazeDemo Test 1-9,,true,,5780,1132,20,20,null,397,52138,57
1726131063337,393,https://blazedemo.com/confirmation.php,200,OK,BlazeDemo Test 1-10,text,true,,5780,1132,20,20,https://blazedemo.com/confirmation.php,392,0,42
1726131011201,393,Purchase,200,"Number of samples in transaction : 1, number of failing samples : 0",BlazeDemo Test 1-10,,true,,5780,1132,20,20,null,392,52137,42
1726131064565,401,https://blazedemo.com/confirmation.php,200,OK,BlazeDemo Test 1-11,text,true,,5780,1132,20,20,https://blazedemo.com/confirmation.php,400,0,56
1726131012429,401,Purchase,200,"Number of samples in transaction : 1, number of failing samples : 0",BlazeDemo Test 1-11,,true,,5780,1132,20,20,null,400,52137,56
1726131065389,390,https://blazedemo.com/confirmation.php,200,OK,BlazeDemo Test 1-12,text,true,,5780,1132,20,20,https://blazedemo.com/confirmation.php,389,0,57
1726131013251,390,Purchase,200,"Number of samples in transaction : 1, number of failing samples : 0",BlazeDemo Test 1-12,,true,,5780,1132,20,20,null,389,52139,57
1726131066308,390,https://blazedemo.com/confirmation.php,200,OK,BlazeDemo Test 1-13,text,true,,5780,1132,20,20,https://blazedemo.com/confirmation.php,389,0,56
1726131014170,390,Purchase,200,"Number of samples in transaction : 1, number of failing samples : 0",BlazeDemo Test 1-13,,true,,5780,1132,20,20,null,389,52139,56
1726131067328,302,https://blazedemo.com/confirmation.php,200,OK,BlazeDemo Test 1-14,text,true,,5780,1132,20,20,https://blazedemo.com/confirmation.php,301,0,42
1726131015191,302,Purchase,200,"Number of samples in transaction : 1, number of failing samples : 0",BlazeDemo Test 1-14,,true,,5780,1132,20,20,null,301,52138,42
1726131068355,310,https://blazedemo.com/confirmation.php,200,OK,BlazeDemo Test 1-15,text,true,,5780,1132,20,20,https://blazedemo.com/confirmation.php,309,0,53
1726131016218,310,Purchase,200,"Number of samples in transaction : 1, number of failing samples : 0",BlazeDemo Test 1-15,,true,,5780,1132,20,20,null,309,52139,53
1726131069383,300,https://blazedemo.com/confirmation.php,200,OK,BlazeDemo Test 1-16,text,true,,5780,1132,20,20,https://blazedemo.com/confirmation.php,299,0,47
1726131017246,300,Purchase,200,"Number of samples in transaction : 1, number of failing samples : 0",BlazeDemo Test 1-16,,true,,5780,1132,20,20,null,299,52138,47
1726131070301,391,https://blazedemo.com/confirmation.php,200,OK,BlazeDemo Test 1-17,text,true,,5780,1132,20,20,https://blazedemo.com/confirmation.php,391,0,46
1726131018164,391,Purchase,200,"Number of samples in transaction : 1, number of failing samples : 0",BlazeDemo Test 1-17,,true,,5780,1132,20,20,null,391,52138,46
1726131071020,288,https://blazedemo.com/login,200,OK,BlazeDemo Test 1-1,text,true,,5738,850,20,20,https://blazedemo.com/login,287,0,0
1726131071020,288,https://blazedemo.com/login,200,OK,BlazeDemo Test 1-2,text,true,,5748,850,20,20,https://blazedemo.com/login,287,0,0
1726131055847,288,Login,200,"Number of samples in transaction : 1, number of failing samples : 0",BlazeDemo Test 1-2,,true,,5748,850,20,20,null,287,15194,0
1726131055848,288,Login,200,"Number of samples in transaction : 1, number of failing samples : 0",BlazeDemo Test 1-1,,true,,5738,850,20,20,null,287,15193,0
1726131071324,405,https://blazedemo.com/confirmation.php,200,OK,BlazeDemo Test 1-18,text,true,,5780,1132,18,18,https://blazedemo.com/confirmation.php,398,0,47
1726131019187,405,Purchase,200,"Number of samples in transaction : 1, number of failing samples : 0",BlazeDemo Test 1-18,,true,,5780,1132,18,18,null,398,52137,47
1726131072044,297,https://blazedemo.com/login,200,OK,BlazeDemo Test 1-3,text,true,,5750,850,18,18,https://blazedemo.com/login,292,0,0
1726131056870,297,Login,200,"Number of samples in transaction : 1, number of failing samples : 0",BlazeDemo Test 1-3,,true,,5750,850,18,18,null,292,15176,0
1726131072347,261,https://blazedemo.com/confirmation.php,200,OK,BlazeDemo Test 1-19,text,true,,5780,1132,17,17,https://blazedemo.com/confirmation.php,259,0,42
1726131020211,261,Purchase,200,"Number of samples in transaction : 1, number of failing samples : 0",BlazeDemo Test 1-19,,true,,5780,1132,17,17,null,259,52137,42
1726131072761,250,https://blazedemo.com/login,200,OK,BlazeDemo Test 1-4,text,true,,5742,850,17,17,https://blazedemo.com/login,245,0,0
1726131057588,250,Login,200,"Number of samples in transaction : 1, number of failing samples : 0",BlazeDemo Test 1-4,,true,,5742,850,17,17,null,245,15175,0
1726131073372,393,https://blazedemo.com/confirmation.php,200,OK,BlazeDemo Test 1-20,text,true,,5780,1132,16,16,https://blazedemo.com/confirmation.php,392,0,64
1726131021235,393,Purchase,200,"Number of samples in transaction : 1, number of failing samples : 0",BlazeDemo Test 1-20,,true,,5780,1132,16,16,null,392,52137,64
1726131073784,290,https://blazedemo.com/login,200,OK,BlazeDemo Test 1-5,text,true,,5742,850,16,16,https://blazedemo.com/login,289,0,0
1726131058612,290,Login,200,"Number of samples in transaction : 1, number of failing samples : 0",BlazeDemo Test 1-5,,true,,5742,850,16,16,null,289,15176,0
1726131074909,317,https://blazedemo.com/login,200,OK,BlazeDemo Test 1-6,text,true,,5740,850,15,15,https://blazedemo.com/login,313,0,0
1726131059737,317,Login,200,"Number of samples in transaction : 1, number of failing samples : 0",BlazeDemo Test 1-6,,true,,5740,850,15,15,null,313,15175,0
1726131075946,277,https://blazedemo.com/login,200,OK,BlazeDemo Test 1-7,text,true,,5738,850,14,14,https://blazedemo.com/login,276,0,0
1726131060773,277,Login,200,"Number of samples in transaction : 1, number of failing samples : 0",BlazeDemo Test 1-7,,true,,5738,850,14,14,null,276,15175,0
1726131077060,287,https://blazedemo.com/login,200,OK,BlazeDemo Test 1-8,text,true,,5738,850,13,13,https://blazedemo.com/login,286,0,0
1726131061889,287,Login,200,"Number of samples in transaction : 1, number of failing samples : 0",BlazeDemo Test 1-8,,true,,5738,850,13,13,null,286,15175,0
1726131077987,282,https://blazedemo.com/login,200,OK,BlazeDemo Test 1-9,text,true,,5740,850,12,12,https://blazedemo.com/login,281,0,0
1726131062815,282,Login,200,"Number of samples in transaction : 1, number of failing samples : 0",BlazeDemo Test 1-9,,true,,5740,850,12,12,null,281,15177,0
1726131078903,287,https://blazedemo.com/login,200,OK,BlazeDemo Test 1-10,text,true,,5740,850,11,11,https://blazedemo.com/login,287,0,0
1726131063731,287,Login,200,"Number of samples in transaction : 1, number of failing samples : 0",BlazeDemo Test 1-10,,true,,5740,850,11,11,null,287,15176,0
1726131080139,382,https://blazedemo.com/login,200,OK,BlazeDemo Test 1-11,text,true,,5750,850,10,10,https://blazedemo.com/login,382,0,0
1726131064968,382,Login,200,"Number of samples in transaction : 1, number of failing samples : 0",BlazeDemo Test 1-11,,true,,5750,850,10,10,null,382,15175,0
1726131080951,287,https://blazedemo.com/login,200,OK,BlazeDemo Test 1-12,text,true,,5742,850,9,9,https://blazedemo.com/login,286,0,0
1726131065780,287,Login,200,"Number of samples in transaction : 1, number of failing samples : 0",BlazeDemo Test 1-12,,true,,5742,850,9,9,null,286,15174,0
1726131081873,287,https://blazedemo.com/login,200,OK,BlazeDemo Test 1-13,text,true,,5744,850,8,8,https://blazedemo.com/login,287,0,0
1726131066699,287,Login,200,"Number of samples in transaction : 1, number of failing samples : 0",BlazeDemo Test 1-13,,true,,5744,850,8,8,null,287,15176,0
1726131082803,280,https://blazedemo.com/login,200,OK,BlazeDemo Test 1-14,text,true,,5748,850,7,7,https://blazedemo.com/login,279,0,0
1726131067631,280,Login,200,"Number of samples in transaction : 1, number of failing samples : 0",BlazeDemo Test 1-14,,true,,5748,850,7,7,null,279,15174,0
1726131083840,266,https://blazedemo.com/login,200,OK,BlazeDemo Test 1-15,text,true,,5748,850,6,6,https://blazedemo.com/login,265,0,0
1726131068667,266,Login,200,"Number of samples in transaction : 1, number of failing samples : 0",BlazeDemo Test 1-15,,true,,5748,850,6,6,null,265,15175,0
1726131084856,275,https://blazedemo.com/login,200,OK,BlazeDemo Test 1-16,text,true,,5748,850,5,5,https://blazedemo.com/login,274,0,0
1726131069684,275,Login,200,"Number of samples in transaction : 1, number of failing samples : 0",BlazeDemo Test 1-16,,true,,5748,850,5,5,null,274,15174,0
1726131085866,392,https://blazedemo.com/login,200,OK,BlazeDemo Test 1-17,text,true,,5750,850,4,4,https://blazedemo.com/login,391,0,0
1726131070693,392,Login,200,"Number of samples in transaction : 1, number of failing samples : 0",BlazeDemo Test 1-17,,true,,5750,850,4,4,null,391,15176,0
1726131086902,276,https://blazedemo.com/login,200,OK,BlazeDemo Test 1-18,text,true,,5734,850,3,3,https://blazedemo.com/login,275,0,0
1726131071730,276,Login,200,"Number of samples in transaction : 1, number of failing samples : 0",BlazeDemo Test 1-18,,true,,5734,850,3,3,null,275,15173,0
1726131087782,319,https://blazedemo.com/login,200,OK,BlazeDemo Test 1-19,text,true,,5742,850,2,2,https://blazedemo.com/login,319,0,0
1726131072609,319,Login,200,"Number of samples in transaction : 1, number of failing samples : 0",BlazeDemo Test 1-19,,true,,5742,850,2,2,null,319,15176,0
1726131088938,291,https://blazedemo.com/login,200,OK,BlazeDemo Test 1-20,text,true,,5740,850,1,1,https://blazedemo.com/login,290,0,0
1726131073766,291,Login,200,"Number of samples in transaction : 1, number of failing samples : 0",BlazeDemo Test 1-20,,true,,5740,850,1,1,null,290,15174,0
